Ocean basin and water mass (along density surfaces; see text),calendar age bin (years BP),binned mean (all samples),binned standard deviation (all samples),n (all samples),binned mean (no outliers),binned standard deviation (no outliers),n (no outliers),loess_fit,loess_upr95,loess_lwr95,loess_upr68,loess_lwr68,loess_se
ATLANTIC BOTTOM,250,-142.0866591,0.218227153,2,-142.0866591,0.218227153,2,-160.7731217,-82.46796024,-233.6078083,-137.3024133,-180.3853961,0.1543099
ATLANTIC BOTTOM,750,NA,NA,0,NA,NA,0,-151.3353781,-83.6873175,-222.2388283,-133.3565728,-168.5265507,NA
ATLANTIC BOTTOM,1250,-153.9460902,34.32309023,2,-153.9460902,34.32309023,2,-138.915341,-79.62353891,-197.0958911,-120.8554254,-154.5298768,24.27008985
ATLANTIC BOTTOM,1750,NA,NA,0,NA,NA,0,-128.1278647,-77.14662508,-182.0946625,-114.2998894,-143.3102834,NA
ATLANTIC BOTTOM,2250,-129.5707113,35.18607098,4,-129.5707113,35.18607098,4,-117.3864128,-65.87028703,-167.525385,-103.3446542,-131.5045869,17.59303549
ATLANTIC BOTTOM,2750,NA,NA,0,NA,NA,0,-105.2516749,-60.79011164,-153.81689,-93.70652552,-119.6950459,NA
ATLANTIC BOTTOM,3250,NA,NA,0,NA,NA,0,-96.53866362,-47.68366039,-145.98533,-83.77208222,-110.5315927,NA
ATLANTIC BOTTOM,3750,-94.45900377,13.73502552,3,-94.45900377,13.73502552,3,-86.04039466,-34.47870926,-135.3255595,-72.22039315,-100.4683687,7.929920679
ATLANTIC BOTTOM,4250,NA,NA,0,NA,NA,0,-76.01076944,-23.3692606,-130.9507062,-60.65480705,-91.35769692,NA
ATLANTIC BOTTOM,4750,-6.784529256,NA,1,NA,NA,1,-68.23706701,-15.97582691,-121.4368095,-54.11408112,-82.96634089,NA
ATLANTIC BOTTOM,5250,NA,NA,0,NA,NA,0,-61.44505045,1.723600201,-113.5880392,-47.11082527,-76.90777054,NA
ATLANTIC BOTTOM,5750,NA,NA,0,NA,NA,0,-51.98676952,7.179711305,-108.9311306,-36.5097865,-68.47720575,NA
ATLANTIC BOTTOM,6250,NA,NA,0,NA,NA,0,-44.5328938,16.27135859,-107.9104103,-28.86744601,-61.43466931,NA
ATLANTIC BOTTOM,6750,-16.53544926,70.93845533,3,-16.53544926,70.93845533,3,-38.39736313,23.47938475,-106.0417715,-22.78020199,-54.54817633,40.95633628
ATLANTIC BOTTOM,7250,-41.77461259,99.3150528,2,-41.77461259,99.3150528,2,-33.43721269,28.37358209,-95.83871346,-17.91696978,-48.62007615,70.22634731
ATLANTIC BOTTOM,7750,NA,NA,0,NA,NA,0,-29.20384619,38.49831517,-99.00769364,-13.0983482,-46.17628655,NA
ATLANTIC BOTTOM,8250,NA,NA,0,NA,NA,0,-26.56651697,44.67088265,-91.59973434,-9.842734083,-41.88675761,NA
ATLANTIC BOTTOM,8750,NA,NA,0,NA,NA,0,-23.38686322,42.81511107,-88.47930749,-5.594930329,-39.13538658,NA
ATLANTIC BOTTOM,9250,NA,NA,0,NA,NA,0,-17.89135445,42.20188646,-88.76988004,-3.590081538,-34.78726489,NA
ATLANTIC BOTTOM,9750,NA,NA,0,NA,NA,0,-17.45468338,42.78115839,-81.66223237,-0.810306805,-31.90385284,NA
ATLANTIC BOTTOM,10250,-18.70910499,34.68173769,2,-18.70910499,34.68173769,2,-11.59238198,43.31332327,-72.7456623,4.940271541,-25.98946628,24.5236919
ATLANTIC BOTTOM,10750,-20.8986943,44.01575039,3,-20.8986943,44.01575039,3,-6.36869572,40.04592227,-60.55734262,5.403569677,-20.54336914,25.41250534
ATLANTIC BOTTOM,11250,-26.00908853,90.84421742,3,-26.00908853,90.84421742,3,-0.96237936,38.2465173,-48.24326403,10.77272068,-12.89037403,52.44893338
ATLANTIC BOTTOM,11750,4.352538914,84.41793228,9,4.352538914,84.41793228,9,4.840124311,41.58789556,-36.85783411,14.69432407,-5.740130997,28.13931076
ATLANTIC BOTTOM,12250,4.652845049,60.30180006,11,4.652845049,60.30180006,11,14.80668546,46.56521269,-25.78181622,25.09892237,4.318006086,18.18167682
ATLANTIC BOTTOM,12750,-9.5474678,30.31255848,7,-9.5474678,30.31255848,7,28.21408813,64.94446096,-6.438209431,37.65058018,18.59068271,11.45707019
ATLANTIC BOTTOM,13250,103.5778324,43.46481203,8,103.5778324,43.46481203,8,39.82964005,96.60757212,4.383183927,53.27749511,27.86339721,15.36713167
ATLANTIC BOTTOM,13750,28.86626408,32.64705962,9,28.86626408,32.64705962,9,41.18097191,84.79620433,3.895677471,54.21728217,31.29034259,10.88235321
ATLANTIC BOTTOM,14250,48.76860913,59.93812717,9,48.76860913,59.93812717,9,31.58037613,72.80497627,-4.457347491,42.84066104,20.89105649,19.97937572
ATLANTIC BOTTOM,14750,28.53487892,67.61948908,5,28.53487892,67.61948908,5,11.11497577,53.23941827,-25.41615205,21.36312399,1.725313224,30.24035484
ATLANTIC BOTTOM,15250,-34.75918629,45.09492617,9,-34.75918629,45.09492617,9,-13.5712858,21.73479191,-57.54524467,-2.591044253,-23.3862692,15.03164206
ATLANTIC BOTTOM,15750,-42.2166392,56.49766164,8,-42.2166392,56.49766164,8,-26.9588186,14.30561417,-69.23839422,-14.39892441,-37.0945208,19.97493983
ATLANTIC BOTTOM,16250,-1.877265241,84.78648948,9,-1.877265241,84.78648948,9,-26.0863314,14.54869234,-71.3587662,-13.77123205,-39.26852392,28.26216316
ATLANTIC BOTTOM,16750,-84.48058721,113.0684285,6,-84.48058721,113.0684285,6,-16.08558879,37.23776619,-75.55376245,-3.483515935,-30.50923824,46.15999263
ATLANTIC BOTTOM,17250,55.24531417,65.46750822,7,55.24531417,65.46750822,7,6.056586791,54.0971921,-44.06018894,19.55944067,-6.215628182,24.74439224
ATLANTIC BOTTOM,17750,-64.9636926,81.48704344,4,-64.9636926,81.48704344,4,33.61880121,80.43139097,-14.45005299,47.17624164,18.88484462,40.74352172
ATLANTIC BOTTOM,18250,103.238114,63.78322797,10,103.238114,63.78322797,10,57.35798206,106.6971609,14.24080201,69.99063539,44.25764414,20.17002769
ATLANTIC BOTTOM,18750,27.43467436,112.2872997,9,27.43467436,112.2872997,9,71.40301639,114.8128181,19.36345554,83.54097579,58.94775841,37.42909989
ATLANTIC BOTTOM,19250,115.3358025,88.50323817,5,115.3358025,88.50323817,5,89.65468564,131.5405776,44.51831061,101.4103389,77.53578928,39.57985135
ATLANTIC BOTTOM,19750,111.1329955,79.59924824,15,111.1329955,79.59924824,15,104.0598954,145.7488224,63.85512925,115.6607444,93.4699822,20.55243752
ATLANTIC BOTTOM,20250,111.8580835,110.677657,7,111.8580835,110.677657,7,114.231223,154.1961705,66.9777035,126.6363757,102.3413566,41.83222232
ATLANTIC BOTTOM,20750,122.6454111,130.0500771,5,122.6454111,130.0500771,5,122.9452258,167.8430627,79.39549288,134.4678941,112.1035902,58.16016258
ATLANTIC BOTTOM,21250,131.7361338,66.70921997,5,131.7361338,66.70921997,5,130.8652349,171.6342901,84.09814721,142.1386564,117.6472325,29.83327012
ATLANTIC BOTTOM,21750,116.6884495,67.6069895,4,116.6884495,67.6069895,4,138.347535,188.2527684,96.45237658,149.3255362,126.1246643,33.80349475
ATLANTIC BOTTOM,22250,215.621795,62.88081649,3,215.621795,62.88081649,3,144.5391748,192.5713034,100.5385072,156.954015,131.0190324,36.30425633
ATLANTIC BOTTOM,22750,133.5466746,17.93874834,4,133.5466746,17.93874834,4,147.836872,193.2801379,96.25904406,161.241925,133.4027025,8.969374172
ATLANTIC BOTTOM,23250,113.950792,102.3465927,2,113.950792,102.3465927,2,147.9821823,202.4980374,99.01689214,162.8828688,134.781891,72.36996971
ATLANTIC BOTTOM,23750,204.158541,55.99656665,2,204.158541,55.99656665,2,149.9404991,211.9569131,91.36554321,165.9618072,131.2226489,39.595552
ATLANTIC BOTTOM,24250,86.84909202,18.97277645,2,86.84909202,18.97277645,2,150.9173261,232.5568651,79.65343203,172.817669,129.0769962,13.41577889
ATLANTIC BOTTOM,24750,113.4032075,38.45740132,3,113.4032075,38.45740132,3,154.5062926,276.9353335,59.46773683,188.6887529,121.9487212,22.203391
ATLANTIC BOTTOM,25250,221.0550957,268.8014686,3,221.0550957,268.8014686,3,170.5949322,381.6262672,32.65440833,217.1169072,126.9253399,155.1926003
ATLANTIC BOTTOM,25750,NA,NA,0,NA,NA,0,225.3586506,490.1719543,-0.253583605,274.3513454,164.0274361,NA
ATLANTIC BOTTOM,26250,NA,NA,0,NA,NA,0,NA,NA,NA,NA,NA,NA
ATLANTIC BOTTOM,26750,NA,NA,0,NA,NA,0,NA,NA,NA,NA,NA,NA
ATLANTIC MID,250,-108.5161819,27.02554058,6,-108.5161819,27.02554058,6,-110.740195,-73.88481792,-151.568388,-100.2797633,-120.3047525,11.03313074
ATLANTIC MID,750,-112.9048196,28.72990906,5,-112.9048196,28.72990906,5,-109.2731405,-78.68672063,-139.005394,-100.4100484,-117.7387811,12.84840593
ATLANTIC MID,1250,NA,NA,0,NA,NA,0,-107.3129525,-78.32849437,-138.1217777,-98.87005369,-114.6975671,NA
ATLANTIC MID,1750,NA,NA,0,NA,NA,0,-105.9523213,-74.4376673,-134.4122072,-97.19841154,-113.4606279,NA
ATLANTIC MID,2250,-101.180163,24.87208908,3,-101.180163,24.87208908,3,-102.8509914,-64.60667784,-135.1890678,-93.80037284,-110.6856594,14.35990733
ATLANTIC MID,2750,NA,NA,0,NA,NA,0,-100.5784788,-62.22890965,-135.3886941,-91.00899213,-109.0940409,NA
ATLANTIC MID,3250,-104.7982291,0.811504451,2,-104.7982291,0.811504451,2,-96.78205529,-53.1290713,-136.5443174,-86.93936875,-107.5001066,0.5738203
ATLANTIC MID,3750,NA,NA,0,NA,NA,0,-94.2886538,-46.94379702,-136.4812654,-82.64980553,-104.6696925,NA
ATLANTIC MID,4250,NA,NA,0,NA,NA,0,-89.83797894,-40.31820657,-137.7147563,-78.65907947,-102.7981549,NA
ATLANTIC MID,4750,NA,NA,0,NA,NA,0,-87.92505877,-33.86841418,-133.0326309,-75.57512951,-99.60555537,NA
ATLANTIC MID,5250,NA,NA,0,NA,NA,0,-85.11468168,-33.81418361,-130.5098406,-70.37976613,-96.39287448,NA
ATLANTIC MID,5750,NA,NA,0,NA,NA,0,-80.11995255,-29.10109134,-127.542977,-66.4086616,-93.76057305,NA
ATLANTIC MID,6250,-16.09775964,3.715815779,2,-16.09775964,3.715815779,2,-75.76024766,-26.04763178,-128.0292234,-62.62848072,-87.15333468,2.627478535
ATLANTIC MID,6750,-42.5132074,51.20817587,2,-42.5132074,51.20817587,2,-71.66506737,-24.25987111,-125.1018527,-58.49102029,-84.92474219,36.20964841
ATLANTIC MID,7250,NA,NA,0,NA,NA,0,-66.48990691,-21.99536205,-115.3897624,-55.01236212,-79.71472779,NA
ATLANTIC MID,7750,NA,NA,0,NA,NA,0,-62.91283951,-24.67693987,-109.7718744,-50.94839261,-75.41359824,NA
ATLANTIC MID,8250,-66.33178917,78.92591008,2,-66.33178917,78.92591008,2,-57.08500532,-21.03734746,-107.940227,-47.4689069,-69.13109134,55.80904623
ATLANTIC MID,8750,-78.69324998,88.09503529,4,-78.69324998,88.09503529,4,-52.08921342,-13.79947938,-98.93717584,-39.46212813,-64.7099502,44.04751765
ATLANTIC MID,9250,-66.51582132,51.38628469,6,-66.51582132,51.38628469,6,-41.8215379,-8.326871985,-88.42733094,-31.08003243,-55.20223154,20.97836288
ATLANTIC MID,9750,NA,NA,0,NA,NA,0,-28.84365509,2.474632493,-72.86847466,-17.75932276,-39.91482909,NA
ATLANTIC MID,10250,-14.13575514,44.1947743,7,-14.13575514,44.1947743,7,-10.10021963,16.87113841,-46.78149819,-2.221553613,-19.06880014,16.70405458
ATLANTIC MID,10750,-11.92682694,41.38890489,7,-11.92682694,41.38890489,7,10.88256818,31.91690912,-16.21122495,17.46991257,4.807948303,15.64353562
ATLANTIC MID,11250,42.43833644,47.55434457,18,42.43833644,47.55434457,18,33.63775523,57.08442612,14.06440917,39.58203465,27.66823093,11.20866651
ATLANTIC MID,11750,64.36640021,38.8843063,15,64.36640021,38.8843063,15,50.65293797,72.68070015,30.17694651,57.22094713,44.1420753,10.03988472
ATLANTIC MID,12250,59.51126801,28.209258,17,59.51126801,28.209258,17,62.83602328,84.40660452,43.54282437,68.43987106,57.35310906,6.841750022
ATLANTIC MID,12750,67.16453261,25.65694747,25,67.16453261,25.65694747,25,65.47622423,83.19238679,49.11574215,70.94844119,60.77385387,5.131389493
ATLANTIC MID,13250,62.845419,34.63930937,14,62.845419,34.63930937,14,65.09644044,84.59795715,41.0109013,69.79759365,59.24594731,9.257744842
ATLANTIC MID,13750,59.91780705,46.05047432,11,59.91780705,46.05047432,11,68.81238062,91.03068782,42.24475179,75.2392964,62.32740286,13.88474043
ATLANTIC MID,14250,79.73101392,39.97631734,12,79.73101392,39.97631734,12,78.65538896,102.6053728,55.29680607,85.09250219,72.72876633,11.54016879
ATLANTIC MID,14750,89.869014,39.15807448,18,89.869014,39.15807448,18,89.18562887,111.3256959,66.1255275,94.59354037,84.12831692,9.229646668
ATLANTIC MID,15250,96.18000338,60.11145945,29,96.18000338,60.11145945,29,98.69259763,117.6456777,74.66651382,103.8829373,92.3912273,11.16241779
ATLANTIC MID,15750,124.5393872,31.29943937,29,124.5393872,31.29943937,29,115.1561773,134.8306536,93.86411693,120.232424,110.0337973,5.812159978
ATLANTIC MID,16250,126.0090503,72.1459768,25,126.0090503,72.1459768,25,128.8866925,154.4885709,107.6360542,134.5082009,123.4667494,14.42919536
ATLANTIC MID,16750,122.2065629,47.41150968,11,122.2065629,47.41150968,11,136.0209904,157.9984605,101.2316143,142.2415111,128.8325616,14.29510803
ATLANTIC MID,17250,157.3036887,51.4212426,16,157.3036887,51.4212426,16,151.5970051,176.6030708,126.7223093,158.9166935,145.269978,12.85531065
ATLANTIC MID,17750,185.5319482,46.91156611,6,185.5319482,46.91156611,6,168.1011516,198.7970558,143.4969422,175.7105647,160.8286292,19.15156667
ATLANTIC MID,18250,195.4393714,53.17962282,6,195.4393714,53.17962282,6,179.1252895,210.8620489,153.5361195,186.5566305,170.9377859,21.7104901
ATLANTIC MID,18750,179.8570732,78.42444523,7,179.8570732,78.42444523,7,186.092764,209.7931653,157.1338169,192.5728341,178.0100455,29.64165411
ATLANTIC MID,19250,180.7710923,51.63671373,9,180.7710923,51.63671373,9,195.5010092,220.7924962,162.0128671,203.4770092,185.6017449,17.21223791
ATLANTIC MID,19750,176.8184436,38.71424734,5,176.8184436,38.71424734,5,207.1300668,235.1319823,174.6792542,215.3330675,199.3138162,17.31353775
ATLANTIC MID,20250,237.1607569,11.39827345,2,237.1607569,11.39827345,2,219.7062366,252.9759065,187.9744995,228.7347636,211.4026666,8.05979645
ATLANTIC MID,20750,271.1422509,27.6981701,3,271.1422509,27.6981701,3,232.293831,268.0864261,198.4640871,240.7084264,223.541143,15.99154597
ATLANTIC MID,21250,267.5192292,33.12600258,3,267.5192292,33.12600258,3,243.7915816,286.6803437,207.388673,252.7536454,233.9503127,19.12530651
ATLANTIC MID,21750,NA,NA,0,NA,NA,0,254.1819505,294.8160734,218.7347006,262.4478723,245.3584165,NA
ATLANTIC MID,22250,248.4618417,49.79747999,4,248.4618417,49.79747999,4,263.1187371,298.8531382,228.6306788,272.9370989,254.8190973,24.89873999
ATLANTIC MID,22750,302.8919994,24.52628183,2,302.8919994,24.52628183,2,272.409019,307.2128272,235.0555049,282.2669928,263.6615379,17.3427002
ATLANTIC MID,23250,241.0548173,85.72370112,4,241.0548173,85.72370112,4,282.8425443,318.3329645,247.4761425,292.226826,274.5222448,42.86185056
ATLANTIC MID,23750,328.0491821,61.77390552,3,328.0491821,61.77390552,3,294.424717,328.3962306,258.8924015,303.998972,286.1866083,35.66518098
ATLANTIC MID,24250,NA,NA,0,NA,NA,0,304.9480267,338.6881373,268.9791564,313.4865521,295.4508753,NA
ATLANTIC MID,24750,268.9105427,69.68441391,3,268.9105427,69.68441391,3,317.1200909,355.5403586,278.1710986,326.7639435,306.7693225,40.23231513
ATLANTIC MID,25250,348.2692016,75.77937611,8,348.2692016,75.77937611,8,328.8238408,370.9078029,284.1930219,341.2484598,317.6752148,26.79205536
ATLANTIC MID,25750,326.735053,43.98605872,2,326.735053,43.98605872,2,344.0621526,388.5054125,290.6927513,356.714713,329.8715837,31.1028404
ATLANTIC MID,26250,NA,NA,0,NA,NA,0,342.9649661,401.0409894,331.6052868,366.1953754,338.4210944,NA
ATLANTIC MID,26750,NA,NA,0,NA,NA,0,NA,NA,NA,NA,NA,NA
PACIFIC BOTTOM,250,NA,NA,0,NA,NA,0,NA,NA,NA,NA,NA,NA
PACIFIC BOTTOM,750,NA,NA,0,NA,NA,0,-207.5262145,-207.5262145,-207.5262145,-207.5262145,-207.5262145,NA
PACIFIC BOTTOM,1250,-225.0407674,26.6087393,2,-225.0407674,26.6087393,2,-231.5100685,-147.2769986,-307.9604307,-206.8332222,-251.7657405,18.81522
PACIFIC BOTTOM,1750,-196.5083559,31.77432581,2,-196.5083559,31.77432581,2,-218.9643543,-152.1019448,-292.7273017,-199.0989766,-240.174935,22.46784125
PACIFIC BOTTOM,2250,NA,NA,0,NA,NA,0,-210.8824747,-146.1496651,-278.5395047,-193.1443053,-226.9298338,NA
PACIFIC BOTTOM,2750,NA,NA,0,NA,NA,0,-199.1271362,-140.8968233,-254.4674333,-181.8480682,-214.2506168,NA
PACIFIC BOTTOM,3250,-228.9264508,49.04921233,2,-228.9264508,49.04921233,2,-184.6484376,-139.9753355,-235.2613203,-173.0474362,-198.9115488,34.68303065
PACIFIC BOTTOM,3750,-187.0500047,30.86416363,2,-187.0500047,30.86416363,2,-174.9821499,-129.3521539,-220.3475349,-162.2043267,-185.8455602,21.8242594
PACIFIC BOTTOM,4250,-177.2193436,68.69924227,3,-177.2193436,68.69924227,3,-163.8610552,-122.9392685,-200.4325027,-152.2516437,-173.7978207,39.66352602
PACIFIC BOTTOM,4750,-159.6200093,10.45521032,3,-159.6200093,10.45521032,3,-153.6210215,-113.8034514,-191.9608389,-143.2318405,-164.1842724,6.036318491
PACIFIC BOTTOM,5250,-135.3949659,35.11286302,2,-135.3949659,35.11286302,2,-143.9204686,-105.4750012,-181.8234115,-132.7851277,-154.8550015,24.82854355
PACIFIC BOTTOM,5750,-129.1719723,66.83042369,5,-129.1719723,66.83042369,5,-136.2936022,-90.24646996,-174.349096,-124.0712529,-148.3968992,29.88747407
PACIFIC BOTTOM,6250,-83.48090376,92.55364287,6,-83.48090376,92.55364287,6,-127.5505101,-80.56975002,-165.6443524,-115.4369864,-139.837621,37.78486648
PACIFIC BOTTOM,6750,-126.0397866,87.31409829,4,-126.0397866,87.31409829,4,-124.0803143,-76.16046857,-161.712495,-111.3929048,-134.0695614,43.65704915
PACIFIC BOTTOM,7250,NA,NA,0,NA,NA,0,-122.4260198,-72.0583119,-159.6477113,-110.2599971,-132.6102418,NA
PACIFIC BOTTOM,7750,NA,NA,0,NA,NA,0,-121.8241749,-78.81539942,-163.9184377,-110.0582763,-132.5157034,NA
PACIFIC BOTTOM,8250,-148.6634098,18.91973149,3,-148.6634098,18.91973149,3,-121.640977,-77.66437582,-167.8606251,-111.2852238,-133.3316514,10.92331207
PACIFIC BOTTOM,8750,NA,NA,0,NA,NA,0,-119.4636768,-80.19838531,-173.176059,-107.3242681,-132.3983496,NA
PACIFIC BOTTOM,9250,NA,NA,0,NA,NA,0,-119.0612629,-77.95046838,-178.6113543,-106.7639731,-132.3982524,NA
PACIFIC BOTTOM,9750,-143.1739975,64.11651411,8,-143.1739975,64.11651411,8,-113.3388213,-72.45050135,-161.3664071,-100.6270901,-126.4754224,22.66861096
PACIFIC BOTTOM,10250,-55.42653065,75.74417473,4,-55.42653065,75.74417473,4,-105.8160969,-63.27739844,-151.6876162,-93.49966492,-117.2647875,37.87208736
PACIFIC BOTTOM,10750,-98.96077113,95.56010349,7,-98.96077113,95.56010349,7,-97.59246728,-54.50664655,-141.7115885,-85.01852686,-109.9915823,36.11832416
PACIFIC BOTTOM,11250,-98.56836499,20.27196921,4,-98.56836499,20.27196921,4,-91.96748141,-49.67572562,-134.2439326,-80.40359606,-102.9287469,10.1359846
PACIFIC BOTTOM,11750,-124.4784344,37.70231219,6,-124.4784344,37.70231219,6,-86.87723639,-52.23947015,-129.8323261,-76.48563555,-97.04769211,15.3919045
PACIFIC BOTTOM,12250,-108.4583124,22.99681149,3,-108.4583124,22.99681149,3,-77.76270212,-42.38001771,-127.148686,-68.37415528,-90.90958083,13.27721531
PACIFIC BOTTOM,12750,-80.88191845,20.84792569,6,-80.88191845,20.84792569,6,-68.46966419,-37.39229028,-106.9555187,-59.50987829,-78.36436954,8.511130022
PACIFIC BOTTOM,13250,-72.61129605,32.96313772,10,-72.61129605,32.96313772,10,-55.10734755,-23.68228337,-88.99732194,-46.20220516,-63.01746884,10.4238594
PACIFIC BOTTOM,13750,-19.90215073,29.17066908,9,-19.90215073,29.17066908,9,-40.82696966,-0.664861134,-71.44492986,-30.50426988,-51.59195767,9.723556359
PACIFIC BOTTOM,14250,-24.3308705,51.38089528,13,-24.3308705,51.38089528,13,-33.19979943,11.56046423,-65.98788538,-23.86492997,-43.17163113,14.25049635
PACIFIC BOTTOM,14750,-42.85160226,56.74416816,8,-42.85160226,56.74416816,8,-34.63756226,3.833067669,-69.14141728,-24.90592387,-44.11552844,20.06209305
PACIFIC BOTTOM,15250,-49.00586551,60.57115951,7,-49.00586551,60.57115951,7,-39.32830793,0.084565306,-93.9386414,-29.14593351,-51.09262328,22.89374638
PACIFIC BOTTOM,15750,-42.68636564,29.53022658,6,-42.68636564,29.53022658,6,-38.00795895,1.254465793,-86.21396696,-25.40673572,-49.37273447,12.05566452
PACIFIC BOTTOM,16250,-49.12809139,87.8831885,8,-49.12809139,87.8831885,8,-30.77227561,14.46365358,-75.22307957,-20.85599225,-40.83559506,31.07139927
PACIFIC BOTTOM,16750,-15.63737632,83.51181558,6,-15.63737632,83.51181558,6,-24.42368255,22.84266031,-62.88289684,-13.55306927,-34.29574672,34.09355594
PACIFIC BOTTOM,17250,-10.73163725,39.12030578,4,-10.73163725,39.12030578,4,-20.74258496,23.65167309,-56.79976615,-9.5278235,-30.24391469,19.56015289
PACIFIC BOTTOM,17750,-9.087322598,79.71390339,5,-9.087322598,79.71390339,5,-20.23849514,21.108205,-63.80332947,-9.891982897,-32.47614133,35.64914135
PACIFIC BOTTOM,18250,-28.58107054,55.27271515,4,-28.58107054,55.27271515,4,-22.15814846,17.81203215,-67.69142801,-10.68347228,-33.30975578,27.63635757
PACIFIC BOTTOM,18750,-44.8013424,92.40601587,9,-44.8013424,92.40601587,9,-21.35436072,21.78222676,-67.98368662,-9.922815305,-33.23505228,30.80200529
PACIFIC BOTTOM,19250,8.94981234,77.0763118,4,8.94981234,77.0763118,4,-21.32537346,26.29672505,-67.95968094,-9.253249317,-33.07763552,38.5381559
PACIFIC BOTTOM,19750,-72.08374733,NA,1,NA,NA,1,-20.05847012,26.19858577,-76.62682797,-4.916887972,-34.27908747,NA
PACIFIC BOTTOM,20250,-52.67857871,NA,1,NA,NA,1,-15.20225256,33.49709495,-76.66581244,0.443027147,-30.85231814,NA
PACIFIC BOTTOM,20750,-37.84048217,26.32752339,3,-37.84048217,26.32752339,3,-8.735506157,41.10474019,-73.42961104,6.388366443,-27.1619332,15.20020271
PACIFIC BOTTOM,21250,NA,NA,0,NA,NA,0,-1.211519326,51.08753071,-72.35003301,15.65141665,-19.27352003,NA
PACIFIC BOTTOM,21750,NA,NA,0,NA,NA,0,8.662989361,63.23042104,-73.19220172,22.70133004,-9.951175514,NA
PACIFIC BOTTOM,22250,NA,NA,0,NA,NA,0,18.2217431,82.33326205,-59.50650009,35.60051204,-0.459817256,NA
PACIFIC BOTTOM,22750,41.28902319,37.15994321,3,41.28902319,37.15994321,3,28.92064247,92.3330014,-49.96194264,47.69688632,10.14533462,21.45430321
PACIFIC BOTTOM,23250,NA,NA,0,NA,NA,0,39.76080389,110.4317798,-44.65106802,58.70364908,18.98507554,NA
PACIFIC BOTTOM,23750,NA,NA,0,NA,NA,0,54.75952453,126.6436293,-27.03582521,74.35475695,33.73434855,NA
PACIFIC BOTTOM,24250,75.87681923,61.61018666,2,75.87681923,61.61018666,2,66.81429461,143.6343486,-13.78997923,90.12434563,46.70058233,43.56498078
PACIFIC BOTTOM,24750,110.771355,196.5728203,2,110.771355,196.5728203,2,83.1254551,162.5169253,-2.563470381,108.0544218,60.40755421,138.9979742
PACIFIC BOTTOM,25250,-12.17917393,99.68526481,5,-12.17917393,99.68526481,5,100.6240118,200.4715796,6.447770276,125.7025101,74.72635295,44.58060569
PACIFIC BOTTOM,25750,273.9351647,129.4535311,3,273.9351647,129.4535311,3,119.0325909,243.5888827,-1.782704916,151.2168198,85.88053663,74.74003102
PACIFIC BOTTOM,26250,NA,NA,0,NA,NA,0,131.2984052,295.8428705,-23.04109989,174.9581471,90.79531929,NA
PACIFIC BOTTOM,26750,177.6460021,419.8501335,2,177.6460021,419.8501335,2,142.6065217,357.9796148,-42.9733303,193.591002,87.72015428,296.8788765
PACIFIC MID,250,-207.3734255,16.9488574,2,-207.3734255,16.9488574,2,-217.3995137,-162.6219701,-271.5931503,-201.619308,-233.9206841,11.984652
PACIFIC MID,750,-205.5914345,10.99909315,2,-205.5914345,10.99909315,2,-213.85548,-161.9460727,-264.1530219,-200.9851369,-229.6976234,7.77753335
PACIFIC MID,1250,NA,NA,0,NA,NA,0,-208.7990884,-161.3328448,-255.1077199,-196.3499848,-220.9342583,NA
PACIFIC MID,1750,NA,NA,0,NA,NA,0,-203.5593197,-165.6768182,-242.0454526,-193.4319891,-213.198716,NA
PACIFIC MID,2250,-212.6095621,27.30057611,2,-212.6095621,27.30057611,2,-196.9041901,-161.5227134,-230.2542645,-187.8959529,-206.27757,19.3044225
PACIFIC MID,2750,-201.3794325,28.44410081,6,-201.3794325,28.44410081,6,-192.3067208,-160.4553808,-223.7150183,-184.6885275,-201.248458,11.61225553
PACIFIC MID,3250,NA,NA,0,NA,NA,0,-186.7348947,-156.4473015,-215.6978443,-177.4096631,-195.2986434,NA
PACIFIC MID,3750,-168.6130018,19.78685452,3,-168.6130018,19.78685452,3,-179.3186863,-150.8794911,-209.6432046,-171.5862444,-187.2149204,11.42394578
PACIFIC MID,4250,NA,NA,0,NA,NA,0,-172.0825001,-142.2516635,-202.9316532,-162.6746248,-180.3879053,NA
PACIFIC MID,4750,-198.1561165,11.06520302,3,-198.1561165,11.06520302,3,-167.1566866,-133.4639665,-198.1994805,-158.5299047,-176.432301,6.388497943
PACIFIC MID,5250,-132.6772047,46.35317264,4,-132.6772047,46.35317264,4,-158.6582935,-124.7521356,-188.2260523,-150.9348351,-167.6851295,23.17658632
PACIFIC MID,5750,NA,NA,0,NA,NA,0,-153.0510936,-119.1415659,-183.9506348,-144.5981998,-161.6387342,NA
PACIFIC MID,6250,-128.229485,18.15494306,2,-128.229485,18.15494306,2,-145.6063725,-110.2781022,-178.1559215,-137.7522836,-154.4689568,12.83748335
PACIFIC MID,6750,NA,NA,0,NA,NA,0,-140.0769453,-108.4069905,-170.3100342,-131.6666049,-149.1677087,NA
PACIFIC MID,7250,-117.7651343,31.69125493,2,-117.7651343,31.69125493,2,-133.1922566,-100.3383549,-164.3091826,-124.6908738,-140.3336754,22.40910127
PACIFIC MID,7750,-201.1945168,43.87366127,2,-201.1945168,43.87366127,2,-123.527025,-91.43712729,-160.9218779,-115.5052098,-132.3113871,31.0233634
PACIFIC MID,8250,-84.75028692,102.0139793,5,-84.75028692,102.0139793,5,-117.6989657,-83.72257212,-152.2814929,-109.2716584,-126.2959213,45.62203847
PACIFIC MID,8750,-166.1414148,29.34217229,2,-166.1414148,29.34217229,2,-111.5575138,-78.70909091,-142.4747239,-103.2644865,-119.3152261,20.748049
PACIFIC MID,9250,-135.6869678,25.07042366,4,-135.6869678,25.07042366,4,-104.1157428,-73.42158932,-132.6701533,-95.99329153,-110.4368098,12.53521183
PACIFIC MID,9750,-104.9212967,51.39014942,9,-104.9212967,51.39014942,9,-95.11553229,-65.97368985,-117.9623916,-88.71434773,-101.7920939,17.13004981
PACIFIC MID,10250,-89.0762098,47.02530288,13,-89.0762098,47.02530288,13,-87.07716316,-59.22462248,-108.4103908,-79.94156723,-93.67016025,13.04247237
PACIFIC MID,10750,-67.06016908,64.12864157,16,-67.06016908,64.12864157,16,-80.01373481,-52.88660386,-100.394035,-73.84036105,-86.30148762,16.03216039
PACIFIC MID,11250,-77.52313794,45.83950493,16,-77.52313794,45.83950493,16,-74.95005316,-51.68944233,-94.62639333,-68.47951347,-80.9727931,11.45987623
PACIFIC MID,11750,-72.22597299,55.99862719,19,-72.22597299,55.99862719,19,-70.47410639,-48.05597829,-92.74702516,-64.45946058,-76.40074509,12.84696615
PACIFIC MID,12250,-57.39015196,77.73308805,13,-57.39015196,77.73308805,13,-63.19329949,-33.89201415,-87.74463901,-56.56390181,-69.47587644,21.5592796
PACIFIC MID,12750,-58.36618975,64.9114885,13,-58.36618975,64.9114885,13,-57.44678777,-31.36529186,-84.20559533,-50.36783107,-65.18046274,18.0032077
PACIFIC MID,13250,-62.38723581,44.0727947,13,-62.38723581,44.0727947,13,-51.18152395,-27.51191678,-77.86495197,-44.04885737,-58.68564828,12.22359393
PACIFIC MID,13750,-46.65760203,48.48217209,20,-46.65760203,48.48217209,20,-40.74622765,-18.01131085,-71.0630945,-32.96728693,-48.8207458,10.84094325
PACIFIC MID,14250,-36.26305939,46.37207583,27,-36.26305939,46.37207583,27,-24.28186609,-4.127442167,-50.02206117,-17.81740347,-30.64639432,8.924310154
PACIFIC MID,14750,28.06278816,41.83035904,14,28.06278816,41.83035904,14,-3.131461116,25.01646591,-26.32336791,3.13731414,-9.572507387,11.17963371
PACIFIC MID,15250,37.22866813,46.29823173,11,37.22866813,46.29823173,11,15.98790444,49.20510893,-8.952724767,24.24660809,8.372768179,13.9594421
PACIFIC MID,15750,16.16841582,80.04800643,10,16.16841582,80.04800643,10,30.57837163,66.78139849,2.673358033,39.50843763,23.05624902,25.31340225
PACIFIC MID,16250,70.07696296,49.49933638,8,70.07696296,49.49933638,8,39.9573177,73.20939031,14.08435447,48.93317124,32.30428715,17.50065821
PACIFIC MID,16750,21.97302686,52.90288884,16,21.97302686,52.90288884,16,46.62699217,77.51590969,19.35957466,55.50487625,38.75284149,13.22572221
PACIFIC MID,17250,73.31939727,80.81174097,9,73.31939727,80.81174097,9,51.07923595,79.60307124,19.06723021,58.49405104,43.02852431,26.93724699
PACIFIC MID,17750,14.6357591,59.13126848,10,14.6357591,59.13126848,10,57.49921158,84.85252569,24.16134144,65.48817632,48.70445283,18.69894893
PACIFIC MID,18250,51.14810052,27.48570542,6,51.14810052,27.48570542,6,64.97002909,89.10167789,37.23588569,70.98669185,58.14052586,11.22099225
PACIFIC MID,18750,112.0049623,40.1083864,9,112.0049623,40.1083864,9,73.10470749,101.5568179,48.09316632,79.57044622,65.80273656,13.36946213
PACIFIC MID,19250,78.87914847,63.16501468,16,78.87914847,63.16501468,16,76.77454735,107.1034786,52.58945805,84.1218067,70.03006019,15.79125367
PACIFIC MID,19750,71.70205156,48.21781893,11,71.70205156,48.21781893,11,79.77999698,102.8204494,54.06726115,85.95599437,72.665799,14.53821942
PACIFIC MID,20250,55.65220778,43.26274444,11,55.65220778,43.26274444,11,84.35696878,108.6616921,51.59681808,91.6482765,76.76199121,13.04420825
PACIFIC MID,20750,126.514533,31.66925865,2,126.514533,31.66925865,2,90.58016584,117.5970245,54.40181413,98.8988401,82.42952816,22.39354755
PACIFIC MID,21250,70.14421424,48.80980675,5,70.14421424,48.80980675,5,99.44226076,127.1772508,62.53739038,107.9629861,90.5997705,21.82840917
PACIFIC MID,21750,80.52561001,26.85849399,4,80.52561001,26.85849399,4,107.9331437,137.8600506,71.00463722,116.2811622,98.90198968,13.42924699
PACIFIC MID,22250,112.5378705,98.61787491,6,112.5378705,98.61787491,6,119.1297788,149.8419401,79.92043324,127.6235589,108.4577184,40.26057884
PACIFIC MID,22750,120.5022401,36.72240993,3,120.5022401,36.72240993,3,129.2421624,165.8382016,88.1384962,138.5221748,119.7030496,21.20169326
PACIFIC MID,23250,NA,NA,0,NA,NA,0,140.684595,182.9857081,99.24925958,152.226872,130.3175117,NA
PACIFIC MID,23750,NA,NA,0,NA,NA,0,152.7378761,203.1256494,109.7845724,165.2552609,140.3774387,NA
PACIFIC MID,24250,257.9794406,103.1860477,2,257.9794406,103.1860477,2,166.584348,216.342693,115.2221014,180.3316253,151.1590198,72.96355405
PACIFIC MID,24750,165.3910303,9.85250458,2,165.3910303,9.85250458,2,181.6210784,239.4590822,125.1941057,197.2119888,164.9030203,6.9667728
PACIFIC MID,25250,82.76671835,83.90479618,2,82.76671835,83.90479618,2,195.0675667,261.7719697,129.8517218,214.4371165,178.4376565,59.32965036
PACIFIC MID,25750,222.421608,215.9984427,5,222.421608,215.9984427,5,215.2786611,284.653461,137.6750203,237.303562,193.5186498,96.59744017
PACIFIC MID,26250,NA,NA,0,NA,NA,0,230.5349198,319.345318,139.3442615,256.6892103,204.9956242,NA
PACIFIC MID,26750,273.2876718,93.12390015,3,273.2876718,93.12390015,3,246.0686573,342.6768648,141.3846065,273.1186897,219.7095869,53.76510882
SOUTHERN BOTTOM,250,NA,NA,0,NA,NA,0,-168.8330366,-162.3268963,-218.6423711,-166.2305805,-188.7567704,NA
SOUTHERN BOTTOM,750,-168.1456087,1.358494538,2,-168.1456087,1.358494538,2,-168.6461947,-114.405983,-221.0342773,-149.6132822,-182.2907297,0.9606007
SOUTHERN BOTTOM,1250,-188.2972466,59.08340426,3,-188.2972466,59.08340426,3,-160.8535007,-111.9522698,-209.0548306,-147.8238779,-174.6525719,34.11181936
SOUTHERN BOTTOM,1750,-144.7539164,30.10677648,5,-144.7539164,30.10677648,5,-155.324442,-113.4633058,-198.9068332,-143.7412518,-165.8901797,13.46415976
SOUTHERN BOTTOM,2250,NA,NA,0,NA,NA,0,-148.5436519,-110.2897104,-186.2167976,-136.8938536,-159.0123919,NA
SOUTHERN BOTTOM,2750,-136.9918394,46.75962146,3,-136.9918394,46.75962146,3,-141.8256423,-105.2662455,-176.337322,-132.2381773,-151.1995914,26.99668004
SOUTHERN BOTTOM,3250,-100.286397,69.97564179,2,-100.286397,69.97564179,2,-136.2529183,-99.05469711,-169.8015837,-125.6357269,-143.9006146,49.48025083
SOUTHERN BOTTOM,3750,-128.4680748,106.5963318,2,-128.4680748,106.5963318,2,-129.346764,-93.64588042,-160.3332183,-119.522916,-139.3998488,75.37498908
SOUTHERN BOTTOM,4250,-129.0255058,63.95165528,2,-129.0255058,63.95165528,2,-123.0512399,-88.5031023,-151.7505531,-113.6480046,-131.2370358,45.22064912
SOUTHERN BOTTOM,4750,NA,NA,0,NA,NA,0,-117.1127946,-81.20300944,-150.3889281,-108.200825,-126.5731856,NA
SOUTHERN BOTTOM,5250,-84.27279438,0.342110536,2,-84.27279438,0.342110536,2,-111.000528,-75.20637383,-140.8997791,-101.028765,-120.1673281,0.24190868
SOUTHERN BOTTOM,5750,NA,NA,0,NA,NA,0,-104.7510519,-70.14820196,-139.0444472,-94.50899536,-113.1369762,NA
SOUTHERN BOTTOM,6250,-100.9136058,37.69925194,2,-100.9136058,37.69925194,2,-98.23707192,-63.49760973,-129.3901604,-89.5862674,-107.2199248,26.65739669
SOUTHERN BOTTOM,6750,-134.4103881,64.77189778,2,-134.4103881,64.77189778,2,-90.89774321,-56.79939195,-123.352769,-81.3862746,-100.6898177,45.80064815
SOUTHERN BOTTOM,7250,-59.77215818,49.0318673,4,-59.77215818,49.0318673,4,-83.53681296,-51.49690778,-119.8977674,-73.70813651,-92.22561368,24.51593365
SOUTHERN BOTTOM,7750,-59.33805996,77.2647466,3,-59.33805996,77.2647466,3,-76.9658299,-46.47447223,-114.2689897,-68.01371267,-85.95085331,44.60882225
SOUTHERN BOTTOM,8250,-80.26769421,55.81946672,3,-80.26769421,55.81946672,3,-70.86607015,-40.90223308,-103.0558057,-62.12271798,-79.06226827,32.22738414
SOUTHERN BOTTOM,8750,-83.09223398,42.14969341,4,-83.09223398,42.14969341,4,-63.2117069,-34.29968909,-102.358126,-53.23717646,-72.34996512,21.0748467
SOUTHERN BOTTOM,9250,-65.24889205,57.9432979,5,-65.24889205,57.9432979,5,-55.26654484,-24.49040722,-94.58467682,-46.36277042,-64.92051425,25.91303059
SOUTHERN BOTTOM,9750,NA,NA,0,NA,NA,0,-46.3401399,-18.25283151,-83.89452106,-36.41772667,-55.96285986,NA
SOUTHERN BOTTOM,10250,-28.28874842,43.35207737,6,-28.28874842,43.35207737,6,-37.07160872,-8.823058368,-78.6880704,-28.68437241,-46.43473224,17.69841148
SOUTHERN BOTTOM,10750,-88.26855918,60.28663081,4,-88.26855918,60.28663081,4,-27.36863322,-0.306935331,-64.90782,-18.91744313,-36.84952173,30.1433154
SOUTHERN BOTTOM,11250,-14.13236581,49.9306784,10,-14.13236581,49.9306784,10,-13.91435774,9.766289816,-50.81387673,-6.691484662,-23.59248108,15.78946689
SOUTHERN BOTTOM,11750,-28.50213112,21.41881592,9,-28.50213112,21.41881592,9,-1.384035546,25.03383135,-30.48439741,5.600236875,-9.096815101,7.139605306
SOUTHERN BOTTOM,12250,29.90943174,41.56048861,8,29.90943174,41.56048861,8,13.2313749,44.59643099,-11.46568161,20.97488495,6.495693846,14.69385166
SOUTHERN BOTTOM,12750,59.57295702,61.92393326,10,59.57295702,61.92393326,10,24.95754743,65.32529754,0.80571965,33.31391815,18.04264604,19.58206708
SOUTHERN BOTTOM,13250,21.36879657,43.32806899,11,21.36879657,43.32806899,11,34.36610851,66.5343979,8.818013633,41.43511673,26.87303852,13.06390434
SOUTHERN BOTTOM,13750,59.93431124,25.82117337,5,59.93431124,25.82117337,5,40.7248192,70.26609025,13.83087842,47.56338705,34.08538474,11.54757978
SOUTHERN BOTTOM,14250,58.64861708,42.04170206,12,58.64861708,42.04170206,12,46.38561133,73.41939762,21.25641136,54.0927482,39.52585641,12.136394
SOUTHERN BOTTOM,14750,33.48854069,51.13051441,17,33.48854069,51.13051441,17,51.36619999,77.55244058,25.68323166,58.61553175,45.3133117,12.40097127
SOUTHERN BOTTOM,15250,47.02279974,39.55374892,9,47.02279974,39.55374892,9,57.47162028,87.25581487,27.06863386,65.37426932,50.04547362,13.18458297
SOUTHERN BOTTOM,15750,69.27162597,58.44307228,5,69.27162597,58.44307228,5,63.79698312,106.355338,35.896638,73.06712624,56.07284432,26.13653649
SOUTHERN BOTTOM,16250,163.1087458,129.6147983,4,163.1087458,129.6147983,4,69.1701419,135.4953443,37.78965217,79.6134139,59.56362751,64.80739916
SOUTHERN BOTTOM,16750,80.9547092,112.8872578,3,80.9547092,112.8872578,3,70.75062166,135.9367927,35.29268125,80.9354173,61.42314608,65.17548865
SOUTHERN BOTTOM,17250,62.90535652,80.56550905,4,62.90535652,80.56550905,4,73.83988529,114.8780912,31.80089005,82.30556358,61.8225654,40.28275452
SOUTHERN BOTTOM,17750,35.60513363,107.0211723,5,35.60513363,107.0211723,5,74.13428034,111.3887523,29.26592749,83.51046105,62.99755,47.86132326
SOUTHERN BOTTOM,18250,65.57211246,69.52182328,9,65.57211246,69.52182328,9,75.97461275,109.739253,35.44043566,86.12312303,65.62463439,23.17394109
SOUTHERN BOTTOM,18750,119.6047415,34.20672868,6,119.6047415,34.20672868,6,78.73631512,114.0146663,36.15016447,89.7854747,67.61182103,13.96483851
SOUTHERN BOTTOM,19250,-17.89930563,167.7382696,3,-17.89930563,167.7382696,3,85.57636394,122.3005794,40.25694122,96.14910781,73.11359755,96.8437351
SOUTHERN BOTTOM,19750,108.094914,54.75638375,6,108.094914,54.75638375,6,92.322078,129.7201339,45.71018634,104.1623124,80.25739655,22.35420006
SOUTHERN BOTTOM,20250,126.1191098,50.46199749,4,126.1191098,50.46199749,4,99.7501485,139.7675809,52.45457514,111.1600752,86.80210655,25.23099875
SOUTHERN BOTTOM,20750,11.90852438,192.8682636,3,11.90852438,192.8682636,3,108.628346,152.9903699,62.23603138,119.5658168,95.51441262,111.3525439
SOUTHERN BOTTOM,21250,188.073959,33.83116079,3,188.073959,33.83116079,3,116.108873,162.4835224,70.80865425,128.3140668,104.9206734,19.53242979
SOUTHERN BOTTOM,21750,NA,NA,0,NA,NA,0,125.306988,170.8917555,78.12749637,137.0621981,113.0735816,NA
SOUTHERN BOTTOM,22250,150.0360079,51.00104087,2,150.0360079,51.00104087,2,133.790144,178.4331754,89.26507644,145.4965515,121.5279172,36.06318185
SOUTHERN BOTTOM,22750,113.0615366,64.03946885,5,113.0615366,64.03946885,5,144.0589215,192.7913245,92.60709254,157.7053466,131.8302372,28.63932112
SOUTHERN BOTTOM,23250,NA,NA,0,NA,NA,0,152.208154,206.6020565,101.5245548,166.7833051,139.4183038,NA
SOUTHERN BOTTOM,23750,NA,NA,0,NA,NA,0,162.5490881,219.4131845,110.9264658,178.9201466,149.1010765,NA
SOUTHERN BOTTOM,24250,144.8271215,48.9090149,2,144.8271215,48.9090149,2,174.0311271,233.3753055,117.0518874,190.7087133,159.2406295,34.5838961
SOUTHERN BOTTOM,24750,228.9844026,101.3471222,3,228.9844026,101.3471222,3,185.7267038,250.0256512,122.4135101,204.2613152,168.3902563,58.51278829
SOUTHERN BOTTOM,25250,179.6894922,158.1243266,3,179.6894922,158.1243266,3,196.9685547,268.9317748,117.9845245,216.84551,177.0231095,91.29312253
SOUTHERN BOTTOM,25750,192.423381,77.00765221,4,192.423381,77.00765221,4,207.6307401,299.0728296,116.5534153,233.4768789,185.3172649,38.50382611
SOUTHERN BOTTOM,26250,260.7979397,130.6711625,3,260.7979397,130.6711625,3,217.2542632,320.3376042,120.0088062,245.4548192,191.9326446,75.44303083
SOUTHERN BOTTOM,26750,NA,NA,0,NA,NA,0,231.0720083,351.9621449,97.25516417,263.5292025,197.7032798,NA
SOUTHERN MID,250,-157.3795482,15.25630354,4,-157.3795482,15.25630354,4,-165.0418081,-107.1587356,-221.9122786,-148.9377484,-179.939584,7.628151768
SOUTHERN MID,750,NA,NA,0,NA,NA,0,-160.2487771,-107.9063097,-212.6714841,-146.2642083,-174.7279838,NA
SOUTHERN MID,1250,NA,NA,0,NA,NA,0,-157.2341245,-108.9258561,-204.4908898,-144.0508158,-170.8735055,NA
SOUTHERN MID,1750,-166.3354086,32.65058796,3,-166.3354086,32.65058796,3,-151.5903085,-104.9958034,-197.9159902,-138.7786873,-164.5884697,18.85082575
SOUTHERN MID,2250,NA,NA,0,NA,NA,0,-144.3800697,-105.0454687,-189.6071563,-133.5892075,-156.3887245,NA
SOUTHERN MID,2750,NA,NA,0,NA,NA,0,-141.4624751,-98.42384145,-182.8068191,-130.5264526,-153.2258616,NA
SOUTHERN MID,3250,NA,NA,0,NA,NA,0,-133.4681592,-94.58116198,-175.0917054,-122.7271117,-146.2532713,NA
SOUTHERN MID,3750,NA,NA,0,NA,NA,0,-128.8041493,-86.44857611,-175.3386274,-117.2445226,-142.3540538,NA
SOUTHERN MID,4250,NA,NA,0,NA,NA,0,-123.7684498,-81.10327504,-170.9403225,-109.9492796,-136.8136942,NA
SOUTHERN MID,4750,NA,NA,0,NA,NA,0,-113.8745248,-70.7063252,-166.2384073,-101.2427362,-126.9223789,NA
SOUTHERN MID,5250,-92.54998991,29.29882663,2,-92.54998991,29.29882663,2,-107.7433922,-63.89019545,-164.4028401,-94.40841975,-120.7995758,20.71739899
SOUTHERN MID,5750,-92.73575916,11.74531523,2,-92.73575916,11.74531523,2,-100.7809499,-53.69350268,-157.427045,-86.02920909,-113.8123546,8.305192045
SOUTHERN MID,6250,NA,NA,0,NA,NA,0,-92.88350773,-45.09853797,-150.9933085,-78.94125304,-108.0920239,NA
SOUTHERN MID,6750,-51.15673492,47.64332093,2,-51.15673492,47.64332093,2,-84.54413127,-36.98451031,-145.6912304,-69.17868323,-98.7910397,33.68891531
SOUTHERN MID,7250,NA,NA,0,NA,NA,0,-76.47417778,-28.42578906,-138.4727083,-63.20860225,-90.31806244,NA
SOUTHERN MID,7750,NA,NA,0,NA,NA,0,-68.64760358,-23.09768854,-123.5450302,-56.28618308,-83.32127889,NA
SOUTHERN MID,8250,NA,NA,0,NA,NA,0,-59.96482054,-13.26634885,-117.0099548,-46.94559406,-74.89258186,NA
SOUTHERN MID,8750,NA,NA,0,NA,NA,0,-52.82606185,-4.68191536,-113.5432965,-39.51579402,-65.61782301,NA
SOUTHERN MID,9250,NA,NA,0,NA,NA,0,-42.38694949,-0.163873968,-91.44839048,-28.52582607,-56.21214045,NA
SOUTHERN MID,9750,NA,NA,0,NA,NA,0,-28.61965126,8.402810945,-81.18337101,-15.70317553,-42.36318119,NA
SOUTHERN MID,10250,-43.08182029,35.45429366,5,-43.08182029,35.45429366,5,-17.77060437,21.38019065,-61.9310933,-6.269835639,-29.22387681,15.85564214
SOUTHERN MID,10750,NA,NA,0,NA,NA,0,-1.511254845,29.06242781,-38.50374176,8.035617698,-11.38445433,NA
SOUTHERN MID,11250,-1.637443133,30.09014533,10,-1.637443133,30.09014533,10,15.76382483,41.01688169,-13.24816501,22.76650014,8.168445825,9.515339436
SOUTHERN MID,11750,40.13875845,18.2083906,10,40.13875845,18.2083906,10,34.67930686,58.86494774,13.22960756,42.10773593,29.04824297,5.757998681
SOUTHERN MID,12250,64.6411999,45.51185332,15,64.6411999,45.51185332,15,52.74568165,80.20286434,28.69506804,60.55448,45.69141851,11.75111
SOUTHERN MID,12750,58.05360938,65.11431635,7,58.05360938,65.11431635,7,63.44124372,91.02926822,38.29802929,70.69991372,56.17068115,24.61089826
SOUTHERN MID,13250,60.85587166,13.62774899,6,60.85587166,13.62774899,6,66.8732368,92.79210779,43.83603075,73.51643487,61.31045984,5.563505229
SOUTHERN MID,13750,80.19595646,43.44373676,15,80.19595646,43.44373676,15,72.4034213,95.11149228,47.98204507,77.67776867,65.422899,11.2171246
SOUTHERN MID,14250,69.34929278,16.13563597,19,69.34929278,16.13563597,19,80.52772164,98.80948055,55.6479963,86.06708401,74.36027033,3.701768768
SOUTHERN MID,14750,96.67108781,41.43465407,27,96.67108781,41.43465407,27,96.44339074,116.3521736,76.68867911,101.5917495,91.04129247,7.974102894
SOUTHERN MID,15250,118.786111,25.58005914,16,118.786111,25.58005914,16,110.0818945,132.9650049,89.75127335,116.0918447,104.5462434,6.395014786
SOUTHERN MID,15750,115.227607,41.85939876,13,115.227607,41.85939876,13,119.3987833,146.5794806,95.23337412,125.9820082,112.8024207,11.60970835
SOUTHERN MID,16250,128.5144551,51.45813374,11,128.5144551,51.45813374,11,124.1667954,154.1272344,101.1876396,132.0502764,117.299988,15.51521109
SOUTHERN MID,16750,133.541178,52.00016332,11,133.541178,52.00016332,11,125.0472744,155.3260175,99.34321823,132.8423923,118.3608883,15.67863916
SOUTHERN MID,17250,113.5831558,58.36040059,5,113.5831558,58.36040059,5,124.9101871,151.0121754,95.2946798,131.7198596,116.8484043,26.09956458
SOUTHERN MID,17750,112.571889,56.0043648,6,112.571889,56.0043648,6,125.0594442,153.1475882,91.02799406,132.6682493,116.2507271,22.86368619
SOUTHERN MID,18250,118.2420635,70.54365856,8,118.2420635,70.54365856,8,126.1864844,156.2080177,89.30876262,135.2667047,116.7409325,24.94094967
SOUTHERN MID,18750,80.69850472,28.98911722,3,80.69850472,28.98911722,3,130.4243075,163.5673107,88.55651947,139.9353357,119.9196751,16.73687463
SOUTHERN MID,19250,199.4878712,46.67573447,4,199.4878712,46.67573447,4,134.6299398,173.0784297,91.82482793,146.1996224,123.4755903,23.33786723
SOUTHERN MID,19750,NA,NA,0,NA,NA,0,140.5892758,182.2891635,91.28276357,153.5142591,127.5760132,NA
SOUTHERN MID,20250,83.18041848,175.6273315,4,83.18041848,175.6273315,4,146.6990713,193.7207247,95.72275543,160.7234756,132.4288158,87.81366574
SOUTHERN MID,20750,NA,NA,0,NA,NA,0,155.5815833,201.4890221,94.48649897,169.1783626,140.4177823,NA
SOUTHERN MID,21250,189.4703448,57.83926534,3,189.4703448,57.83926534,3,162.6620048,214.7733359,98.01545255,179.0731569,144.5180421,33.39351542
SOUTHERN MID,21750,170.0957083,49.4623138,2,170.0957083,49.4623138,2,168.5824227,227.5324543,97.28143739,188.5934398,149.6831005,34.9751375
SOUTHERN MID,22250,NA,NA,0,NA,NA,0,177.7747769,244.3178334,95.37746497,198.2555016,155.1340798,NA
SOUTHERN MID,22750,NA,NA,0,NA,NA,0,185.3792375,257.3862067,99.90749607,210.9227249,163.7570767,NA
SOUTHERN MID,23250,NA,NA,0,NA,NA,0,199.5007413,276.7910605,96.54350971,226.3799371,171.8148738,NA
SOUTHERN MID,23750,NA,NA,0,NA,NA,0,209.528823,300.9752599,83.82612312,241.4253455,174.5542832,NA
SOUTHERN MID,24250,NA,NA,0,NA,NA,0,222.1875945,329.2074877,83.61162006,258.1859716,183.4121117,NA
SOUTHERN MID,24750,NA,NA,0,NA,NA,0,231.7749222,356.3168534,69.25662774,277.0631852,189.5599566,NA
SOUTHERN MID,25250,362.8819932,71.45171212,3,362.8819932,71.45171212,3,240.0724714,388.6880329,43.26109945,295.3751705,191.1573708,41.25266523
SOUTHERN MID,25750,137.5689818,366.8921027,3,137.5689818,366.8921027,3,258.9915699,406.1280721,58.87117661,308.121877,204.718443,211.8252543
SOUTHERN MID,26250,NA,NA,0,NA,NA,0,284.0820819,288.3129043,279.8512596,285.7744109,282.389753,NA
SOUTHERN MID,26750,NA,NA,0,NA,NA,0,NA,NA,NA,NA,NA,NA